Top queries,Impressions,Clicks,CTR,Position,city,service,opp_score,priority,target_url
toilet flushing service san leandro,5458,0,0%,7.99,san leandro,toilet,709,P0,/toilet-repair-san-leandro/
plumbing repair oakland,1932,0,0%,9.81,oakland,,251,P0,/plumber-oakland-ca/
plumbing services,1633,1,0.06%,7.32,,,212,P0,/
plumber,4554,2,0.04%,11.03,,,204,P0,/
plumbing oakland,4266,2,0.05%,14.32,oakland,,191,P0,/plumber-oakland-ca/
plumbing company oakland,4073,2,0.05%,18.92,oakland,,183,P0,/plumber-oakland-ca/
local plumbers,3846,1,0.03%,17.12,,,173,P0,/
plumber near me,3529,5,0.14%,15.77,,,158,P0,/
plumbing oakland ca,1211,1,0.08%,7.09,oakland,,157,P0,/plumber-oakland-ca/
plumbers oakland,3408,14,0.41%,12.74,oakland,,153,P0,/plumber-oakland-ca/
oakland plumber,3384,2,0.06%,13.04,oakland,,152,P0,/plumber-oakland-ca/
z plumbing,1172,4,0.34%,9.85,,,152,P0,/
water line repair oakland,1115,0,0%,8.64,oakland,,144,P0,/plumber-oakland-ca/
plumbing company,1375,1,0.07%,5.11,,,137,P0,/
plumber oakland,7208,4,0.06%,23.91,oakland,,136,P0,/plumber-oakland-ca/
plumber oakland ca,2981,3,0.1%,13.4,oakland,,134,P0,/plumber-oakland-ca/
local plumber,1022,0,0%,6.46,,,132,P0,/
plumber in oakland ca,1008,1,0.1%,9.98,oakland,,131,P0,/plumber-oakland-ca/
plumber san leandro,2889,0,0%,16.62,san leandro,,130,P0,/plumber-san-leandro-ca/
oakland plumbers,2626,3,0.11%,12.8,oakland,,118,P0,/plumber-oakland-ca/
plumbing company in oakland,902,0,0%,8.78,oakland,,117,P0,/plumber-oakland-ca/
plumbing-in-oakland-california.savvvymoney.com,883,0,0%,8.62,oakland,,114,P0,/plumber-oakland-ca/
plumbing contractor oakland,859,0,0%,6.71,oakland,,111,P0,/plumber-oakland-ca/
plumbing,842,2,0.24%,8.76,,,109,P0,/
plumbing services oakland,2275,0,0%,14.7,oakland,,102,P0,/plumber-oakland-ca/
plumbing repair,753,0,0%,6.05,,,97,P1,/
oakland plumbing company,724,0,0%,9.31,oakland,,94,P1,/plumber-oakland-ca/
plumbing san leandro,1907,1,0.05%,12.05,san leandro,,85,P1,/plumber-san-leandro-ca/
water heater repair oakland,4339,0,0%,25.49,oakland,water-heater,82,P1,/water-heater-oakland/
plumbers,618,4,0.65%,7.95,,,80,P1,/
plumbing in oakland,565,3,0.53%,6.55,oakland,,73,P1,/plumber-oakland-ca/
oakland plumbing repair,517,0,0%,8.32,oakland,,67,P1,/plumber-oakland-ca/
sewer services,3488,0,0%,42.55,,sewer,66,P1,/
emergency plumbing san leandro,1477,0,0%,12.09,san leandro,emergency,66,P1,/emergency-plumber-san-leandro/
website for plumbers oakland,479,0,0%,5.59,oakland,,62,P1,/plumber-oakland-ca/
water heater repair san leandro,1364,0,0%,15.49,san leandro,water-heater,61,P1,/water-heater-san-leandro/
plumbers near me,1352,6,0.44%,12.4,,,60,P1,/
plumbing near me,461,1,0.22%,7.55,,,59,P1,/
local plumber in oakland,440,0,0%,9.91,oakland,,57,P1,/plumber-oakland-ca/
plumbing companies,425,0,0%,8.69,,,55,P1,/
emergency plumber oakland,2840,1,0.04%,24.04,oakland,emergency,53,P1,/emergency-plumber-oakland/
oakland plumbing,1144,2,0.17%,16.97,oakland,,51,P1,/plumber-oakland-ca/
plumbing and sewer services,2733,0,0%,33.28,,sewer,51,P1,/
plumbers in oakland,1123,2,0.18%,16.7,oakland,,50,P1,/plumber-oakland-ca/
emergency plumbing oakland,2636,0,0%,23.72,oakland,emergency,50,P1,/emergency-plumber-oakland/
residential plumbing services,392,0,0%,9.22,,residential,50,P1,/
plumbing service oakland,377,0,0%,7.43,oakland,,49,P1,/plumber-oakland-ca/
emergency plumbing,1105,2,0.18%,19.64,,emergency,49,P1,/emergency-plumber/
oakland plumbing companies,363,1,0.28%,8.47,oakland,,47,P1,/plumber-oakland-ca/
plumbing services near me,1038,0,0%,14.11,,,46,P1,/
oakland ca plumber,1025,1,0.1%,12.45,oakland,,46,P1,/plumber-oakland-ca/
oakland plumbing service,1551,0,0%,10.16,oakland,,46,P1,/plumber-oakland-ca/
plumbing company near me,957,0,0%,16.17,,,43,P1,/
plumbers in oakland ca,325,2,0.62%,9.74,oakland,,42,P1,/plumber-oakland-ca/
plumbing repair service,320,0,0%,5.91,,,41,P1,/
water heater installation oakland,2175,0,0%,45.92,oakland,water-heater,41,P1,/water-heater-oakland/
drain cleaning oakland,2163,0,0%,50.49,oakland,drain,41,P1,/drain-cleaning-oakland/
plumbing repair near me,2107,0,0%,40.98,,,40,P1,/
plumbing repairs,304,0,0%,6.33,,,39,P1,/
plumber in oakland,874,2,0.23%,11.83,oakland,,39,P1,/plumber-oakland-ca/
local plumber oakland,289,0,0%,7.94,oakland,,37,P1,/plumber-oakland-ca/
oakland plumbing services,813,1,0.12%,11.3,oakland,,36,P1,/plumber-oakland-ca/
emergency plumbing services near me,819,0,0%,15.13,,emergency,36,P1,/emergency-plumber/
best plumber in oakland ca,272,0,0%,6.43,oakland,,35,P1,/plumber-oakland-ca/
oakland plumbing repair service,273,0,0%,9.91,oakland,,35,P1,/plumber-oakland-ca/
plumbing service,267,0,0%,5.96,,,34,P1,/
emergency drain cleaning san leandro,775,0,0%,14.9,san leandro,drain,34,P1,/drain-cleaning-san-leandro/
plumbing installation near me,754,0,0%,16.62,,,33,P1,/
plumbingrepairsdiy74776.ezblogz.com,257,0,0%,6.34,,,33,P1,/
plumbing problems,1739,0,0%,72.99,,,33,P1,/
local plumbers near me,719,0,0%,17.37,,,32,P1,/
water heater replacement oakland,1680,0,0%,50.83,oakland,water-heater,31,P1,/water-heater-oakland/
plumbers in san leandro,678,0,0%,12.75,san leandro,,30,P1,/plumber-san-leandro-ca/
plumbing leak repair oakland,648,0,0%,16.83,oakland,leak,29,P2,/leak-detection-oakland/
plumber san leandro ca,651,1,0.15%,18.84,san leandro,,29,P2,/plumber-san-leandro-ca/
